año_inscripcion_facultad,cantidad_egresados,proporcion,anio_egreso
2005,11,0.15714285714285714,2012
2006,20,0.2857142857142857,2012
2007,35,0.5,2012
2008,4,0.05714285714285714,2012
