año_inscripcion_facultad,cantidad_egresados,proporcion,anio_egreso
2005,5,0.7142857142857143,2012
2006,1,0.14285714285714285,2012
2008,1,0.14285714285714285,2012
